filename,transcription
test/4ae13b1bdc.wav,102588
test/c6971a903a.wav,829081
test/b50bcff7e3.wav,202667
test/e28a0a2ca5.mp3,28200749
test/29d08e2874.wav,496077
test/0c3e3bd1e3.wav,64237
test/1728e6dc95.wav,48141
test/b0e88e36fa.wav,279120
test/9ace9f6d06.wav,664774
test/ee5579fe4f.mp3,0
test/d5ee3c9eb3.wav,0
test/99fdc55b57.mp3,1000
test/79550a5129.wav,367439
test/8f4b862416.mp3,8001192
test/26fd651a7f.mp3,16421
test/016fc8d36d.mp3,100542
test/57aaa8aa9c.wav,658438
test/9cf40ffede.wav,0
test/0821442cee.wav,27337
test/cc8a8e721f.wav,0
test/0a96ca4d86.mp3,4000
test/6a1394b5ca.mp3,900907
test/cca58d8a5e.wav,82873015
test/c7bd19107c.wav,700
test/44811b3823.wav,213539
test/baacc2bff1.wav,0
test/54c63adc9f.wav,13808
test/d43fd57676.mp3,89400874
test/1d0e4b42fa.mp3,15044
test/7083d0f3b2.wav,612690
test/fc6386358d.mp3,6033098
test/55062e814b.mp3,6001792
test/798bd15db7.mp3,4004040
test/0f082308df.wav,0
test/a71827616d.mp3,9860054041
test/cb0c0ae34d.wav,732124
test/763596fe26.wav,429954
test/f9bb1d391f.mp3,1000
test/a7c256d7fd.wav,597114
test/d7ed09c786.wav,10200070
test/464c5f9e2d.wav,637086
test/d6ed35fcb0.wav,0
test/e90b94224f.wav,219677
test/1b6de133c7.wav,0
test/49e2b5e0e9.mp3,100
test/387531c987.mp3,306104100
test/1f60eb78e1.wav,108518
test/81ce41d611.mp3,44
test/bce6367606.wav,6410
test/ba7dcce487.wav,707144
test/5e8e8a6902.mp3,5001002
test/80a65befa7.wav,63068
test/0c7201e48d.wav,268631
test/27d49e4c8a.mp3,8450
test/dc078b7a7e.mp3,1061000
test/ca53a7f9cf.mp3,40100
test/6d214d3cf9.mp3,94900
test/6ce73ae8d9.wav,15784
test/34a607576f.wav,1000
test/d18c91bdbc.wav,168307
test/51327a9f88.wav,747860
test/8fc9e28c5f.wav,7110404011
test/c1f228abba.mp3,100400101543
test/2301f4772e.mp3,907401106
test/17754507b6.wav,489030
test/d7e9f06348.wav,840122
test/97ab2c07ac.mp3,1000
test/d0c03293f2.wav,0
test/17e985fd30.mp3,0
test/9c13bed7a3.wav,16666
test/33e9e84c2c.wav,69311
test/2e79176f3b.mp3,0
test/b632e1335f.mp3,46000217
test/d3a72a41ee.wav,0
test/50c27d07a4.wav,42907402
test/54b0340138.mp3,61690016
test/09e90c15a5.wav,0
test/4bb65ef89b.mp3,9100
test/a89d36b04d.wav,16296
test/694dd1757f.mp3,0
test/542830e8ac.wav,0
test/c050371217.wav,0
test/4ecf2b9827.wav,164
test/696515b8a3.wav,3101
test/a5f628c7d9.mp3,1006015800
test/8252d0b4a5.wav,30390
test/375ab5fa6e.wav,830807
test/aa8c42bad3.wav,429516
test/a3547aacb8.mp3,4381454
test/3ca0ad28aa.wav,789099
test/14cb3953f7.wav,179250
test/cea3129545.mp3,107600311
test/00287e9993.mp3,3071580
test/0ab8c44a52.wav,24342015
test/4ec08eee5f.wav,889941
test/849121a47f.wav,279899
test/f5d0c490c1.wav,0
test/ea13a6bb92.wav,640250
test/1c3cef1350.wav,485303
test/24138a2d0d.wav,38349
test/424ea8c099.wav,559478
test/fae75fe739.wav,0
test/b3fecc89be.wav,286984
test/9e97ef3217.wav,70
test/2ba2b84a27.mp3,1003100
test/391558eaf5.wav,0
test/856a65ff70.wav,242633
test/ad2f484b0a.mp3,0
test/66a2fa7e2d.mp3,100736
test/87f03f1ccc.mp3,640810
test/ff2ed5e999.mp3,1140
test/8a0b8cf22d.wav,0
test/536bd53f0c.wav,54330932
test/de4ec57525.wav,9801803
test/e1ce45e316.wav,504936
test/45139ee20e.wav,716490
test/2d7cf8df66.wav,101
test/4e0d937bef.wav,4020311
test/d73c3b63b1.wav,0
test/ce653a02e5.wav,5002000
test/9a0b58d77b.wav,201059
test/78f99867ac.mp3,90
test/5b8e9e16d7.mp3,40440010030
test/85463fc363.mp3,40
test/f29683cdc2.wav,1082600
test/fcd4b5ad80.wav,40108
test/0deb08006b.mp3,0
test/9635d00642.wav,100
test/b23551bd5a.wav,402873
test/e247dbf761.mp3,2070074023
test/072bbd2044.wav,624
test/64aa07b54d.mp3,167002
test/58408e88a3.wav,76473
test/68ba5d0a3e.wav,496772
test/3cce1df027.wav,0
test/5b410066ad.mp3,906400
test/65e49e712d.mp3,862401
test/f6499a2717.wav,63100015
test/5a13d50e1a.wav,10094100077
test/e6ce7c2d2d.wav,0
test/4731d437da.wav,600100220610
test/5d28b20efe.wav,130629
test/eeaf4494af.wav,99894
test/4720acc77a.wav,583661
test/07d697ab65.wav,841980
test/939a8bb7c6.mp3,405016
test/98b3c5be46.wav,0
test/3bd2113995.mp3,400
test/8d0eba713e.wav,100
test/e41170794d.wav,548005
test/a78e6c25bd.mp3,101105100
test/49e67fd57a.mp3,256703
test/3b9c2739bc.wav,197049
test/4be645d843.mp3,0
test/485dfcf2b9.wav,30111002
test/d6acb1c21a.wav,947
test/374d6c78a6.wav,347
test/e023e8b2c1.mp3,67860
test/caf206f3cc.wav,6901063
test/de6e9a8c82.wav,764761
test/c4aa3b17d6.wav,1640
test/7c981fc952.wav,8201911
test/4575d226ca.wav,386
test/ffbe86e38c.wav,688104
test/f76a18be23.wav,0
test/3ddf5e00e7.wav,89030
test/8ccbb3630f.mp3,4005
test/450fa1c314.mp3,198
test/29795fc389.wav,598844
test/7ffbf0a190.wav,903660
test/e8501bba06.wav,862703
test/6762f025bf.mp3,500
test/038dbf5a8f.wav,100
test/26fdd34ab8.wav,6730074057
test/728a51501f.wav,94037
test/3f4d084cba.wav,0
test/aba0cf1a29.mp3,662049
test/3cb9ca28aa.wav,720751
test/080b128b4d.wav,0
test/e8a6699773.wav,527083
test/f55a301418.wav,460000
test/cb76932be8.wav,311938
test/d723ad0e42.wav,90
test/1c1d91177b.mp3,600404016814
test/d6dfb861db.mp3,4081810
test/9a50986ae2.mp3,90
test/396f5051df.wav,39016
test/bc1dce2fb9.wav,112361
test/60480a760c.mp3,0
test/3a9ff0c8a9.mp3,0
test/c9e0e4dc43.wav,40440054037
test/3365953741.mp3,0
test/f5b1b6bbed.wav,90
test/b6151bc5ab.mp3,393880
test/f7c4036cb2.wav,102779
test/8758f97a44.mp3,3208203
test/be5d84754e.wav,502
test/743fc9a0ed.wav,953809
test/b1cccb79ac.wav,173410
test/6a21ce8eea.wav,23858015
test/eee63d854e.mp3,3029447
test/32dd952255.wav,317469
test/3fe96d350a.mp3,602564
test/3a22a1468a.wav,628
test/ee0d45dac3.wav,90
test/a1166af21d.wav,472697
test/1623efe29a.wav,1004
test/b7904ba69b.wav,134927
test/6501b1185e.wav,107076
test/8e8efbeb87.mp3,808109150
test/f80d7867b4.mp3,83000
test/8c394eaf04.mp3,1000
test/bbcf482b8a.mp3,10039061
test/ba0f6fb415.wav,47175015
test/389f7b99b0.wav,669702
test/677d1b7567.wav,0
test/6433a57e7f.wav,113300
test/96d5c05e73.mp3,0
test/92c8bb0a6e.wav,0
test/7d7eaaff79.wav,468881
test/6432475857.wav,2890
test/5835349712.mp3,50068
test/477de95a30.wav,906106147
test/19509b053e.wav,3034242
test/b166b514e1.wav,432180
test/b96e27aa95.mp3,259332
test/8135f7c9a6.wav,608109540
test/060b5291da.mp3,0
test/3ff052b17d.wav,26978
test/faabc2a6d1.wav,0
test/3cbbccc63e.wav,28484
test/97962a649f.wav,219844
test/2e7713320a.mp3,4098717
test/38168fc09d.wav,702
test/b3fee2fb93.wav,680459
test/692cedab99.wav,515493
test/9b6a507303.wav,0
test/03acb17f0c.wav,68100278
test/7c0e44990b.wav,94562
test/96b9280198.wav,361635
test/bca0fe2def.mp3,100403004500
test/f005634f5f.wav,502451
test/b7426286f2.mp3,7062001496
test/69aad3ba06.wav,391800
test/a91d8374bf.wav,4490
test/fd9914af8b.wav,820291
test/4cb288e709.wav,173850
test/3e9dd3a999.wav,73758
test/4cc73102e5.wav,45717
test/d1accc0db2.wav,2201438
test/757b17a59e.wav,938400
test/a6475771be.wav,750219
test/20cbab9da7.mp3,0
test/542a3a19fa.mp3,706
test/2006240ee7.mp3,77710063
test/79625f0398.wav,806988
test/2b80f48685.wav,603017
test/84cf9d1a18.wav,816853
test/7e60e890fc.wav,15
test/7d18713b03.mp3,10010116
test/00888b211e.wav,883087
test/2f2f749a80.wav,347316
test/3f4653ac22.wav,0
test/ddee2b9fa9.wav,6161410
test/18c99a0543.wav,568111
test/a3da4e7a19.wav,596735
test/6585962644.wav,803005500
test/68e2fed68e.mp3,40104030
test/aeacf364cd.wav,0
test/c144ed6e21.wav,0
test/130a7ee2bf.wav,98600343
test/f919e8b2ad.wav,90
test/b2cc893887.wav,323316
test/8e0a9d8ead.wav,551115
test/0e56a39eef.mp3,0
test/57cbee73f6.wav,94015545
test/e818fe8467.wav,2000
test/6e5e9178c5.wav,14
test/92708ee622.wav,2201116
test/7ea9441a16.wav,4775
test/ee4d2530b8.wav,299061
test/c0cd4dd8fa.mp3,0
test/abfd85d218.wav,701000
test/397dbacffe.wav,688137
test/dcb2b21a7f.wav,408404362
test/ef55e97268.mp3,299501
test/edbf9c7c97.wav,771940
test/db7de1f98a.wav,537615
test/00aece9472.wav,964806
test/10ced69dd5.wav,0
test/3e86f04bf7.wav,407
test/481d1cdba4.wav,193324
test/83a9394d03.wav,0
test/892d018e79.mp3,63065
test/52b92e43bc.mp3,60903
test/89eddfd21e.wav,7072
test/6f4bddee0c.wav,658131
test/dd5904f529.mp3,0
test/ec195c724b.mp3,847
test/22af2ed6bc.wav,781835
test/054800825d.mp3,4010026016
test/4a20b964a5.wav,601708
test/a0abd98807.mp3,100
test/32751f5962.mp3,8004182
test/d8612652e8.wav,310294
test/a2200efa2e.wav,430500
test/7ac3ed0d06.mp3,80084
test/a622e765d3.mp3,0
test/d1d0fca644.wav,1002442
test/622debffcd.mp3,3206
test/fd8d5b21b7.mp3,700
test/7d99a46ea5.mp3,83
test/d24f54b067.mp3,0
test/8656acc4d8.wav,804198
test/6b4fb3081f.wav,8039803
test/ccc1838249.wav,0
test/e38a8f38f6.wav,0
test/aab537abd5.wav,0
test/4293c70f90.mp3,7000600
test/7e960d34bf.mp3,0
test/13fc54a589.wav,200700
test/46432224e9.mp3,40590
test/d40423516a.mp3,10290
test/fae74391ea.wav,0
test/f6346b5b56.wav,6001000
test/42d6a8273c.mp3,0
test/d9b943e5f7.wav,652140
test/f02bb1632d.mp3,0
test/2eea11ad76.wav,789729
test/9d64b98b9a.mp3,441000
test/f1d0a0e781.wav,3301964
test/c1c1246f35.wav,406
test/1b7bfd542b.mp3,0
test/333dcce01d.wav,0
test/3628f0e31e.wav,403982
test/b3650b3f5a.mp3,204000
test/363b73d578.wav,297181
test/966b6e06d0.wav,970828
test/074859aa0f.mp3,3001002203200
test/4af07b99b2.mp3,100842
test/7d7556eb3e.wav,0
test/681670450a.wav,4811150
test/a7c7e8e5fb.mp3,0
test/ee5d4e391e.wav,248051
test/6141966791.wav,808104
test/13a89095d1.wav,8800154022
test/0210310ca9.wav,296554
test/19b950939f.wav,15
test/7b27e2fe85.wav,900104
test/98b8d77edd.wav,7460
test/d032573258.mp3,0
test/650314146d.wav,0
test/509ca743ce.mp3,2056
test/f1e263f343.wav,55613016
test/9591913d76.wav,0
test/2cc2b13563.wav,538000
test/0f5bdfbc46.wav,464188
test/6c771e2e99.mp3,523073
test/0d1ffcc6c9.wav,173284
test/d34e1521ce.mp3,170293
test/bcd391e054.wav,472000
test/b355559355.wav,1911416
test/0f1ca7f667.mp3,101317
test/ee8fb2cd04.mp3,0
test/3d6c1f8a29.mp3,142
test/ef19661600.wav,250864
test/974de58fed.wav,0
test/c3ba900881.wav,37600060
test/bf817258f8.mp3,267000
test/d020d32caf.wav,496423
test/968fa60b9c.wav,9004002
test/c8a1d36d12.mp3,447200
test/8d592305c8.wav,692919
test/952ed33f9d.wav,29240
test/77460b27eb.wav,32016916
test/e500fc4920.mp3,1700
test/2e28cea04f.wav,10100
test/7aef15fe93.wav,150464
test/a33dcd5a85.wav,0
test/237cc502c1.wav,994416
test/fb39b476a0.wav,808416
test/76b3fcd1d9.wav,49041
test/00e2df3dba.wav,60984
test/ce0cbc4068.wav,0
test/16a5c12cd9.mp3,300
test/c9717e6f02.wav,172870
test/75b5bc999a.mp3,3873
test/848dfc4624.wav,981002322
test/7f024774a8.mp3,49950016
test/0c52ea03ab.wav,190088
test/580adaaf67.mp3,0
test/7d4259b8cf.wav,90
test/63ce85c037.wav,279544
test/737515f68a.wav,0
test/6773160387.wav,328696
test/fb26f6c242.mp3,0
test/650a534ae4.mp3,0
test/be64828b85.wav,620
test/637f89629a.mp3,0
test/a27ec35d58.wav,707202
test/210fe78634.wav,388826
test/15d5337344.mp3,800
test/aaa8b46fca.wav,591433
test/34ffab58d9.mp3,4082980
test/24f12db5f9.wav,0
test/a9980fa09c.wav,434198
test/36f6a9c662.wav,815151
test/9e6024ceb0.mp3,730233
test/9b134f5c6e.wav,81695
test/7723b536c5.mp3,0
test/d08e31e09a.mp3,0
test/6d5662e120.wav,0
test/a9c2a7ec28.wav,154547
test/d61b6e4591.mp3,80050021
test/7420efce1e.wav,0
test/890040b3f8.wav,14
test/26036777fc.wav,0
test/0411195d45.mp3,0
test/14fe445205.mp3,0
test/4dad0e60ed.mp3,0
test/a62bfcb82b.wav,320610
test/bd9bf9a0a4.wav,476109
test/49666c0a9b.wav,0
test/cd1d707814.wav,351875
test/0eb22004ee.mp3,54016081
test/0d27739b72.wav,143120
test/6fa9d8cc2e.wav,253738
test/6165cdf663.wav,885782
test/a62a3ee3ca.wav,4001444
test/1ff18277c5.mp3,0
test/e60b5f1049.wav,459661
test/be6fc0e783.wav,90
test/9cefe7f8c5.mp3,154001
test/ae9e60ede2.wav,935700101
test/85d772dbfb.wav,790118
test/2769f9a1a1.wav,48874
test/97dfdb7afd.wav,0
test/5adba5ebc1.wav,103698
test/904da1d349.mp3,9190094026
test/d6c664fc27.wav,157900306
test/91b2a1bee1.wav,100
test/b0e32ce9f2.wav,0
test/f901eebd9c.mp3,70293
test/d74165a20c.wav,835461
test/86dcdcc019.mp3,351119
test/f093d583ed.wav,600
test/740e6deeee.wav,397513
test/2659e381a4.wav,27100210
test/9112a75753.wav,210178
test/22562b16f4.mp3,0
test/f7f05d1857.wav,572744
test/d1fa1155f0.wav,4080
test/f14e6aa6b9.mp3,40100
test/d2b9c6c208.wav,4301222
test/f03362edf2.wav,6001724
test/e64ef2a73a.mp3,0
test/0e1e8d1ac1.wav,431000
test/8521ba0420.wav,503139
test/a17182ed23.mp3,1004329
test/a5b8d2c2f2.wav,567953
test/941b37a6ab.wav,208344
test/602a0c3bbe.wav,803007
test/b23b7fa101.wav,500100311
test/598334504e.wav,0
test/70fdc8715f.wav,472011
test/85e7477a28.mp3,8001100
test/1a831a9b9d.mp3,0
test/eec8a746ac.wav,0
test/1d690c2c2c.wav,682302
test/7262348d79.wav,727561
test/86ab33d599.wav,370135
test/3f65a04e8a.wav,169299
test/0a03a9f31f.wav,461739
test/6af44d7324.wav,0
test/ff4121bfbf.mp3,0
test/c5bee0a28a.wav,40216007
test/e9c72a1b79.wav,0
test/15b6ff00de.wav,0
test/9d8c0de35f.mp3,9087614
test/31ded8e0d0.wav,4010834
test/23765b3f45.mp3,69015008503215
test/2fcd0418df.wav,407316790100
test/a4c7fe13df.mp3,0
test/aab8dbc36f.wav,0
test/8c202b9856.mp3,59040010
test/bc35756105.wav,638003
test/40480a7607.wav,0
test/7df392269b.wav,734257
test/e7ea7b8a2f.wav,150817
test/2bbde4bcfb.mp3,79740
test/79e0042a00.mp3,490400
test/249346cd51.wav,460865
test/2dd4782514.wav,257561
test/aeba1bf641.wav,100
test/f89088734d.wav,0
test/5d0f89cdc9.wav,996664
test/8ef1a87483.mp3,3000
test/9037a04165.mp3,0
test/ba9b4058ff.wav,253002
test/dd5f9e5653.wav,900600
test/7d0c5587b1.mp3,80416
test/20c9033a34.wav,70776
test/42f7c57e8e.mp3,0
test/2bc0c63231.mp3,0
test/38a4e6327b.wav,100
test/a8788e72d8.wav,0
test/e5b1a3959c.wav,976178
test/6e0f5b08ea.mp3,944004400
test/6a6d52dbde.mp3,0
test/964af4c575.mp3,749002
test/6a2023af30.wav,761232
test/e90e3b5f04.wav,362140
test/c93963861c.wav,507
test/378619f6cb.wav,2031918
test/f36d710c52.wav,754196
test/fbae5f58f1.wav,0
test/1cb8d28af8.wav,7041980
test/20d3aa9aa0.wav,993512
test/d3ba68e204.wav,99487
test/190ea26b08.wav,400102720
test/975920f6ab.wav,4111
test/b9a7f6282c.wav,450
test/69f096d297.wav,60
test/61906d3716.mp3,7071090
test/3f67f0b4d2.wav,332933
test/cf08f6dc1c.wav,9031489
test/f974ce7d51.wav,364503
test/02897e887e.mp3,343
test/20d8f5b8b7.mp3,0
test/ba2d564b20.wav,526529
test/905542bb83.wav,91015180
test/c3a63897fc.wav,0
test/f40bd6a07e.mp3,286183
test/bdc34d7b3b.wav,0
test/e5b1364da7.wav,1000
test/f29b1cac7d.wav,74942
test/557aa3b30e.wav,551740
test/24497a9f1b.wav,16000
test/914c5b5d70.wav,93140052
test/77675655fc.wav,723022
test/722e137080.wav,0
test/7dcee57f72.wav,602803
test/5394fb840c.mp3,886608
test/b3f2b0fb97.mp3,907103622
test/313ac1ad4b.wav,54016363
test/0d1a59cdbe.wav,0
test/df37da7bf7.wav,75663
test/86884b1067.wav,238288
test/60afd384c7.mp3,240512
test/6fc9db613d.wav,901004249
test/23cbc41d2c.mp3,23192
test/64ed78b426.mp3,4096341
test/7e46d29510.wav,1039400
test/7985d3db59.wav,0
test/8478718993.mp3,601808
test/9229b78185.mp3,6001000
test/34ef5860d9.mp3,4060041415
test/ee3da40391.mp3,300160216
test/71b76cfb7b.mp3,0
test/63bc87ab56.wav,0
test/91853e467d.wav,0
test/c65852f338.wav,2022084
test/932c6a7cd5.wav,0
test/a89bc60c50.wav,500102000
test/9d9ba517d9.mp3,8016903
test/95bb27204d.wav,273593
test/d1803d55db.wav,509000
test/a203a0dae0.mp3,900012
test/0cba895c34.wav,929051
test/f19b10506b.mp3,140340
test/5224bd02a9.wav,553469
test/3395656997.wav,289710
test/10f8d80cf3.wav,0
test/e18bb61fff.wav,623444
test/1fe8cdfc38.wav,44316
test/1934d0778e.wav,971000
test/c30860c6e9.wav,100301
test/0408151140.wav,456261
test/9772896d16.wav,108878
test/40cec76653.mp3,0
test/7e90ac29e7.mp3,0
test/76a110bf49.mp3,0
test/bb28aef4f5.mp3,1003100
test/de86ec4ede.wav,681009
test/fcd8dceece.mp3,20724
test/7737854887.wav,627333
test/caa4e47df2.wav,512885
test/56ca28dc4d.wav,391400
test/bb4b928332.wav,479668
test/8e0d1553d9.wav,854205
test/4354c848e7.mp3,8160
test/5cd2bc42d6.wav,100
test/c426bd95dc.wav,40128
test/7239771a27.wav,0
test/609bcbe0e3.wav,0
test/20e89a0264.wav,24100
test/560a46629e.wav,0
test/fcfafdd22b.wav,1984
test/383298602e.mp3,4050
test/557d458cba.wav,0
test/7fb988f5b3.wav,956271
test/791450ea5d.mp3,0
test/52999339b0.wav,4601000
test/c6c9384ab4.mp3,107008401016
test/222507c48a.mp3,0
test/6e684ddac0.wav,610752
test/eb7049b29e.wav,521781
test/cee834308d.wav,100736842
test/cf3749403c.mp3,493408
test/d0e182feb4.wav,860324
test/044bf2856f.wav,4401750
test/d53c109640.mp3,511003
test/08b49f69b5.wav,84400100
test/ccafd0695b.wav,738695
test/ba2c80ec6a.mp3,577600
test/a7fce944ed.mp3,23770810
test/173c937302.wav,901512
test/dca63be3fe.mp3,2781
test/13a92fe70d.wav,70310099293
test/d263744358.wav,864263
test/c0a2ba3914.wav,2031142
test/6686dbcca6.wav,32034016
test/edf2a1b584.wav,537262
test/9c31dc707a.wav,306
test/67f2511ec7.wav,4700
test/57f31e350c.wav,300804769
test/b516b2f7bd.mp3,118
test/f3ffa62196.mp3,960677
test/b4b55413ff.wav,119271
test/0dd29fb3f4.mp3,3606
test/5cff894cbb.mp3,61107
test/5eb295f112.wav,9021312
test/22f5794178.wav,0
test/f5b93f78c8.wav,2401106400
test/17983018a7.wav,1493
test/04d6520ada.mp3,274810
test/0af1f9f736.wav,309747
test/a71e9f9ab2.wav,90
test/17c5262be0.mp3,0
test/05f377d972.mp3,798434
test/5f29aae7f3.mp3,701600
test/e5ae201190.mp3,0
test/0b033d5e98.wav,180317
test/6c36a64aba.mp3,600400100040
test/b17da7a918.mp3,0
test/bf7f451a11.wav,576331
test/550775f48e.mp3,0
test/7ed0a47340.mp3,0
test/89d3f62a95.mp3,784740
test/88b2ec7156.wav,1004781
test/f3efd815b1.mp3,5031100
test/5f6ccb0083.wav,700810
test/51d4e33453.wav,647986
test/0eeaa1a402.wav,1401013
test/94b6ac5fb1.wav,7601690
test/c64a309d7e.wav,284737
test/3904d9caf6.wav,47715
test/5d7135eb76.wav,584575
test/fdfc80aa25.wav,469230
test/5a1a5ce869.wav,0
test/c6cd2cd4b5.mp3,1001054
test/d04717f296.wav,27233
test/5e2d852fac.wav,3006002
test/cd5c597528.wav,77683
test/8adffe0217.wav,16
test/15d17bc849.mp3,51000500004
test/ee5d318625.mp3,7754
test/cd7b6d618b.wav,0
test/d12772e276.wav,7800379
test/dddeb31270.mp3,884759
test/ea5b1da2f4.wav,6188
test/fe928541f1.mp3,1600210
test/3b6ae876b0.wav,101
test/4e3fcb903b.wav,90
test/893c3f41ba.mp3,733919
test/34c1091e75.wav,40748
test/b2948d8236.mp3,96015100
test/0f97650e4c.wav,707109916
test/969b8b6fbb.wav,3001006
test/a99ad07dd2.wav,299370
test/97df56b087.wav,1000419
test/8286bb70ea.wav,496940
test/3a523dbf99.wav,839824
test/ce364c839e.wav,140625
test/700f1d1965.wav,6023557
test/36bcd619c2.wav,866000304
test/a15da81dce.wav,842177
test/071f4a5be7.mp3,1006
test/545a509d17.wav,163007
test/ef532fd362.mp3,4890064020
test/5d45a60563.wav,594740
test/e95b60befc.wav,0
test/5e55e368f0.wav,6801124
test/51819ed338.wav,14
test/d70a316425.wav,43540
test/dd7ec9f237.wav,608
test/6b4fe4fbef.wav,4059036
test/d4c0332863.mp3,1003
test/1cc6ae7e48.wav,0
test/d0ed4376d6.wav,961169
test/e736e86c6b.wav,724780
test/d06b3b9a8f.wav,66400843
test/4801a69aa7.wav,0
test/ed67ae4d09.wav,3008002289
test/ede0da4f0a.wav,421000
test/86017bca0a.wav,100
test/76bb654952.mp3,100009
test/27cb3f9e33.wav,698051
test/5077f6c339.wav,707866
test/65eb1a6898.wav,674002349
test/0e03e72591.wav,0
test/f7440345f6.wav,0
test/4c227ea332.wav,485491
test/2f6082e1c6.mp3,539886
test/924380e69a.wav,768850
test/d33fedcec7.wav,98002
test/bbfee35011.mp3,7066
test/ed28988415.wav,0
test/aaa3bb64dd.wav,900542
test/f09990b654.wav,6149015
test/8408b82916.wav,89038015
test/4d03566a5b.wav,804090
test/e868004bf4.mp3,310814
test/4f84293b7a.mp3,0
test/8f12b73212.wav,1000
test/5be1f818da.wav,302228
test/47a8f7fcbd.mp3,300100
test/c1b8b3fe4f.wav,227731
test/ab8188880a.wav,0
test/cc0c26f127.wav,0
test/06d2bcdf90.wav,598018
test/e822235c45.wav,1804089
test/fde0eb9c0c.wav,99217
test/13b28a894c.wav,770311
test/ab0d68ee58.mp3,0
test/4948df475b.mp3,969443
test/76396f84a9.wav,0
test/cb04e3a771.wav,956490
test/d00750e774.wav,90
test/1354f2254d.mp3,837846
test/dde4ff8a04.wav,548952
test/071b1f892b.wav,0
test/ea222dfd59.mp3,100100
test/f20e254a19.mp3,303620
test/d6f8ef85a1.mp3,2031768
test/21d69e6755.wav,609370
test/2c5723718b.wav,270406
test/66b2eeccd1.wav,128581
test/ec9fb20ab6.mp3,5088000
test/4f5bc55e14.mp3,1082
test/d3c7440b5f.wav,0
test/0c4b3fb5a6.wav,100
test/37deeb942b.wav,289668
test/a0b6cf5db5.mp3,907160054390
test/5047172484.wav,50111804
test/18f3cd0570.wav,542000
test/af696fe7eb.mp3,0
test/6f9673949d.mp3,800
test/c9d374e0d3.mp3,1300
test/f86697a638.mp3,7001000
test/36b28802f3.mp3,0
test/69088dfa39.wav,4182
test/a70637bb9f.wav,100
test/70054d08e9.wav,20640
test/5057b8514c.mp3,0
test/7562bf8801.wav,13004412
test/7ea98471af.wav,7074000
test/3cc3081af0.mp3,300
test/5f96e96826.wav,569519
test/de64c79293.wav,708029
test/a83d6edaca.wav,842814
test/59628b6a1e.wav,186003
test/dba21dd9eb.wav,0
test/7ee41e151d.mp3,40600
test/a85003a07a.wav,111633
test/f0c1068540.wav,5611431
test/a944b04964.mp3,1002
test/b28dac1f01.wav,610730600
test/f35e233b4b.wav,40340
test/ba552ecd88.wav,0
test/cff90184b6.wav,918717
test/79b307b957.wav,507000
test/4d66e1cfda.wav,602593
test/21e09d1b45.wav,323846
test/9bb973bc73.wav,742682
test/e33465b6b0.wav,678595
test/2033c5b020.wav,365658
test/604a7a6a53.wav,847649
test/185a6545cc.mp3,4401286
test/79c7f1ad6b.wav,446100100
test/149c50e937.wav,760170
test/60f813ec70.wav,778000
test/7c6c8e4ce1.wav,0
test/1383ee9429.mp3,944000968
test/3ea32c4497.wav,914001
test/fc26f8fa1a.wav,847123
test/2ec7b8df18.mp3,0
test/4ba0ca9adc.wav,882822
test/4a4d9fca10.mp3,0
test/a88ba9fa98.wav,207904
test/97cba7f905.mp3,10516002
test/96bce62b1c.wav,282619
test/bbf18761f9.mp3,300190011
test/e594cd5bf2.mp3,320720
test/ca54604e0b.wav,150718
test/86fb93d56a.wav,20139015
test/a6619b21ea.wav,886418
test/e025db3414.mp3,73768
test/2bf6b86b6c.wav,678984
test/bac00d44dd.wav,3114
test/7f31823470.wav,400
test/92a170c63c.mp3,976617
test/7ca874dbca.wav,169000
test/5a6f7ddcce.mp3,1550
test/979c7095f9.wav,0
test/cad4778cbf.mp3,40003
test/de122038aa.wav,1001744
test/07367a1d27.wav,0
test/1f12828936.wav,0
test/865b638936.wav,42
test/a0cedb0171.wav,934968
test/b571673a10.wav,490107002219
test/15b2861830.mp3,977610
test/f5648b3d96.mp3,340
test/76a20428b5.wav,1417
test/582aa4aed4.mp3,0
test/f98ce8b542.mp3,743008540
test/1435b3d00b.wav,750489
test/8cb540eca7.wav,890172
test/7be746cd5b.wav,558568
test/f73c3590b5.wav,949500103
test/0a26eb7579.wav,6007
test/e50dc393b6.wav,500300400
test/c15b4b7291.mp3,531158
test/38e55aacc1.wav,116457
test/7a38a4356d.wav,0
test/d945b6f940.wav,249111
test/89c26a5548.mp3,0
test/d126ee7b6f.mp3,39114
test/7c4a4314ee.wav,0
test/55021ee148.mp3,701141
test/b158ce9cb1.wav,0
test/f54fae527c.wav,36700040
test/2553b8e741.mp3,43914011
test/4a0ebc367f.wav,707519
test/ab76cf269e.mp3,0
test/f2381eb9f1.wav,607882
test/eac6ea73f7.wav,0
test/e6f9c9e0da.wav,794906
test/504a037cee.wav,592606
test/031e42ff61.wav,0
test/22e8a99b6c.mp3,706101004
test/ee235b3420.mp3,0
test/1bcdfc1e30.mp3,0
test/f2b68731a5.mp3,0
test/1a3ce200e4.mp3,0
test/782b176779.wav,733801
test/fdb3982d18.wav,250100089
test/bb1c732d82.mp3,41064040
test/1168773a40.wav,0
test/d81b53fb54.wav,4066000
test/cf373a895c.wav,4015789
test/1aa2c3a9b7.wav,13100072
test/7cf8a75200.wav,4080507
test/3c2a1e3fc7.wav,2494049
test/bbbd146ebe.mp3,0
test/dcd916f17a.wav,906
test/9bd127aeb3.wav,0
test/b9b6f4d3f2.mp3,0
test/9372173dd3.wav,90078
test/4d18fee067.wav,516758
test/3c2c4df19f.wav,991959
test/a78ffe7149.wav,0
test/0908a9101d.mp3,700100564
test/7b4d28656b.mp3,16102
test/4d06690aaa.wav,1998
test/d8d8495f54.wav,503100050710
test/a07ab16502.wav,307103105
test/482261f5fc.mp3,0
test/794382d062.wav,951086
test/c1be4a04a1.wav,786906
test/cb5bedce60.wav,266009
test/52b83ed865.wav,622927
test/f8273aa338.wav,10081
test/5af9dc7d9f.wav,850400200
test/6b1acad2f5.wav,827005557
test/4b727929c0.wav,617217
test/5ace6aa96b.wav,0
test/5d71874b52.wav,0
test/713c636ec0.mp3,302
test/208f6a14ee.wav,9000040
test/3b38a133c9.wav,114334
test/c08fbe3855.wav,663808
test/fc4cb64f41.wav,62289
test/4210f31442.wav,253078
test/519119ba2d.wav,706501
test/96a1cf9efd.wav,669400149
test/6c1d9bf11a.mp3,40106971
test/9a901bdf6e.wav,0
test/b899d2a4ed.wav,614153
test/23b48d11db.wav,9081000119
test/dbe3764b21.mp3,904048
test/0d8038abe4.mp3,0
test/0744e2d53a.wav,996691
test/a0f1cf3140.wav,324430
test/12a6404c2d.mp3,90470
test/3a785b4faa.wav,678036
test/e509eb4321.wav,941950
test/441bcd09ca.wav,945654
test/b90f16d459.wav,507209
test/66d917f5b9.wav,404057
test/7dff37a545.wav,9787
test/b400918493.wav,357936
test/265d473e00.wav,38885016
test/dff83dcb01.mp3,100
test/6f0e02b5a5.wav,4010020
test/df449b3df8.wav,779881
test/f235d13873.mp3,242406
test/d8eeff75ad.mp3,6740084216
test/5dab47905e.wav,280601
test/71a4931ccc.wav,4001941
test/5182bdb1be.wav,988404
test/6bae0a19cd.wav,0
test/77fb3c970c.mp3,800
test/1a45249254.wav,240751
test/b9543bbe28.mp3,370007402090
test/ecdc63dfdc.wav,66600790
test/7611612bb6.mp3,13403
test/ca25aa24e5.mp3,0
test/25cd07dbde.wav,259474
test/fee775fb48.mp3,1008
test/9c486eaa0e.wav,657400
test/514cec52d7.wav,874730
test/f1009c2867.wav,9000050
test/88c3a56fa6.mp3,6021196007
test/dab75b0d09.wav,748478
test/6ee54c1029.mp3,4090
test/bb93e4c239.mp3,2601007546
test/0f2428d58a.wav,100
test/0174bb205e.mp3,5901500
test/07cbd2c425.wav,10090308
test/eed3c670a3.wav,3104008571
test/e92c520629.wav,8001995
test/39d45e3dec.wav,4581293
test/5cc9798f10.wav,993300
test/e6bdb7456a.wav,481291
test/3eea2ccbc0.mp3,340402
test/e1aa174a14.wav,913652
test/815c8b1a3c.wav,272278
test/c9220c174e.wav,924488
test/cbec9a080b.wav,42004197
test/0aa9766307.wav,4020812
test/cc1dfdbfbf.wav,3015407
test/18d8b28d82.mp3,305161000
test/a6ad22bece.mp3,0
test/6498967579.wav,392362
test/8a2e939b54.wav,48607
test/5a362433d8.wav,136875
test/1f5cfdbdfa.wav,9090
test/39a7bec1ee.wav,200846
test/bc80cc3c51.wav,80719
test/10655f22f4.wav,4010064060
test/2bdc0d1e5f.wav,713055
test/6d27f11130.mp3,533871
test/3f100a9fbb.wav,1000100
test/06533026d7.wav,500459015
test/986855ec22.wav,100
test/5a2ca167ea.mp3,840100040
test/aec79dbf44.wav,852817
test/c456ee0306.wav,595040
test/152502b655.wav,858316
test/13a9e78bd0.wav,202913
test/d0b4111642.wav,67866
test/5bb22fb9d8.mp3,90059
test/d8630717f2.wav,9001011003507
test/11849ec06f.mp3,0
test/3906035344.mp3,403001
test/eeb60f2f71.wav,0
test/5c40bf4e77.mp3,0
test/e3e99925ca.wav,926378
test/0e89f16c4c.wav,1007001000
test/f1d32e2b14.wav,0
test/110ace4f79.mp3,393956
test/df9de35091.wav,4001437
test/01f3e98b00.mp3,0
test/eb620be0bd.wav,464116
test/0a15d1e06a.wav,951069
test/ba25122781.mp3,889747
test/a0e0ea4622.mp3,66015000
test/34cf240dba.wav,602640
test/8e24145984.wav,2801563
test/9aa1021add.mp3,90
test/8abbad8b42.mp3,7072600
test/d1a378a727.wav,6722008580
test/1a86a38b99.wav,208598
test/08e177d31d.wav,783003
test/81ea2c0b1d.wav,4608
test/5f6c01f7c4.wav,0
test/12b0476565.mp3,486399
test/9cc73bfeaf.wav,319015
test/f682719f85.wav,873006
test/fb67314692.mp3,69740
test/7e99db981e.wav,7701002300
test/a64b23b26d.wav,640156015
test/657d9d3739.wav,456150
test/fa49c928c3.mp3,6901000
test/305ef74d27.wav,44570
test/5555c1d116.wav,123009
test/c0c525a68d.mp3,16004
test/fd48cfa016.wav,584003
test/b7e374840e.wav,4501739
test/c9a5fc93f1.wav,0
test/b95d60381b.wav,818168
test/e164b41319.wav,182557
test/1ca888e956.mp3,43016303
test/24c730eff4.wav,7200074
test/400666e84e.mp3,3021617
test/b165ba79d6.wav,962002
test/a1089b1be4.wav,68992
test/87d3051351.wav,94329
test/46378168e8.wav,83695016
test/90b57a8eda.mp3,100308
test/570fd2bd8e.wav,459960
test/1502eaec38.mp3,4171061004
test/274e6f74fc.wav,351086
test/f078118db0.wav,902658
test/57776d347a.wav,80010493016
test/094b06dc5a.wav,878034
test/b32e0ac5c4.wav,1009
test/eb75e9ab2c.mp3,1081003307
test/faaed407ef.wav,577113
test/edbef8d25f.mp3,4000
test/9b9255f72f.mp3,0
test/de30ad6069.wav,702296
test/3870925eb1.wav,0
test/c479814c66.mp3,100
test/fbba500b0d.wav,0
test/6af9fc435e.mp3,9000580
test/a817fa2da5.wav,0
test/2254507506.mp3,107250
test/b2abdc9b70.mp3,1126
test/5a11cc4385.mp3,64016435
test/859ad73eef.wav,733186
test/bd323d11ff.wav,0
test/002f28391f.wav,90
test/cab91452dd.mp3,0
test/1f90b1b680.wav,300340311
test/a8307f296c.wav,667972
test/026aeb37b5.wav,359801
test/2ceb7cd049.wav,308103773
test/2d926b5bb4.mp3,0
test/9a5face960.mp3,822094
test/25279daf98.wav,100
test/8c37c90e98.wav,37200719
test/16b0f2dc0a.wav,17063
test/9e4ddfd844.wav,96142
test/39438a6b31.wav,816390100
test/85d50c7964.wav,344
test/993a5687c2.wav,81060
test/83369848c9.wav,56015988
test/8389cfd44d.wav,790939
test/c4b1a2748e.wav,989172
test/1d0dd71884.wav,853955
test/b15c35370d.wav,0
test/f36a96721a.wav,586480
test/fc138fa9bb.mp3,106100
test/3696eceec9.wav,814
test/baa1b3e961.wav,4901609
test/05b13d5e1b.wav,361906
test/705134d434.mp3,0
test/7c43d77dbb.wav,868882
test/932487f132.wav,697000
test/b30b35654e.wav,589485
test/82a5f66344.wav,191
test/9ce0557037.mp3,100752
test/f740772c10.wav,816417
test/fc6a6eee03.mp3,901102
test/a07b5e8685.mp3,48000067
test/09d013763d.wav,751584
test/374348fb16.wav,413506
test/ba268ca88c.mp3,150
test/7d547f2873.wav,94746090
test/112a1a0b2d.wav,999935
test/b6864a5e6c.wav,1409
test/48fc0bbc64.mp3,344000
test/f58b68ad54.wav,652940
test/9c72c7fb34.wav,698000
test/08d899df1f.wav,697060
test/a123df1dff.wav,56781
test/8cdc41fa47.wav,421067
test/632086233a.wav,40501000
test/be515cbae6.wav,163865
test/f6db13d2c2.wav,3201380
test/3e60ec8879.wav,885881
test/5ef66f89ec.mp3,1002250
test/c7b2fc96bd.mp3,0
test/da6b86777e.wav,49364
test/4e3d2f30e8.wav,7020064022
test/c28773816a.wav,90111772
test/f01fbecebd.wav,809165
test/717331af3d.wav,15561697
test/182e2a48e9.wav,1069666
test/eaac2e14ed.wav,8761389
test/4f2ec8cf94.mp3,40
test/d69442ef04.wav,8801520
test/e1703cfc8a.wav,73400098
test/fae71c5750.wav,57036016
test/fbcd1f2dc3.wav,40
test/a0992b63df.mp3,0
test/97ab3870d3.wav,132118
test/1a1d1e7b16.wav,0
test/8e4e153733.wav,160704
test/fa298cfff5.wav,300490030
test/4ce63e6ab5.wav,700900046
test/a05a5f1f34.mp3,0
test/c623776dfc.mp3,700030
test/be8f54a40d.wav,214690
test/e3fb6aac70.wav,403396
test/6c6bb7e2b2.wav,936286
test/1d455ce8e5.wav,0
test/c333d9cc6c.wav,188716
test/25f08cd28f.wav,0
test/11eb1e08d4.mp3,0
test/a939534392.wav,607374
test/09f0908dfa.mp3,200216
test/7f290a2b07.wav,308702
test/652e64086c.wav,4001512
test/525ee1542f.mp3,0
test/72a46441a8.wav,4600029
test/420d89bd6f.mp3,1901608
test/36d5efce47.mp3,40
test/3ddd40cd3a.mp3,80040084095
test/5c93dda372.wav,551823
test/3771247030.mp3,7801006100
test/130c40e7bc.mp3,0
test/67b819c5a0.wav,69644
test/2e3f6de6db.wav,3032639
test/aba1c3de80.mp3,0
test/6a920e8378.wav,902
test/184c9820e1.wav,0
test/f636ced00e.mp3,700
test/12ea676eec.mp3,503100010
test/ef7db22ed3.wav,998690
test/a50534298a.wav,0
test/2eca706262.wav,86382
test/1e8112012e.wav,39352
test/3cc876c5d3.wav,879371
test/70866c9443.wav,939004937
test/5d676fdd09.wav,547865
test/dafb2f76ea.mp3,0
test/4e675d0a8f.wav,772307
test/f34638d443.mp3,1000
test/cccb9c922f.mp3,60057
test/085e846ed2.mp3,40167040
test/e28cbc5af8.wav,582396
test/ab1c1b3c11.mp3,808900216
test/3a42503b68.wav,80074016
test/cfb4d619d3.wav,989752
test/cbdb53dd71.wav,0
test/5960f86b1e.wav,84463
test/3ce565a60a.wav,0
test/fe4dcbf305.wav,959562
test/9e81e1882b.mp3,0
test/9b64557639.wav,618359
test/e5980c78b1.mp3,0
test/459acf29b0.wav,27016394
test/590f260a94.wav,0
test/d6a7c33892.wav,89705
test/a8b6bacfa7.mp3,12007
test/d5105bd929.mp3,0
test/12830a4377.wav,571380
test/1a437b632b.wav,499314
test/e2428b973b.mp3,70211
test/6811fce2ac.wav,400104
test/574dc20df2.mp3,0
test/702cfe4ba6.mp3,0
test/9bc6c2db78.wav,907799
test/9090bbe0e9.mp3,4000
test/a6714e22a3.wav,805242
test/d91936e55f.wav,228372
test/edf13e19f9.mp3,859393
test/84c57684d9.mp3,30019
test/0713eba1c8.mp3,629
test/c3504efbab.wav,459603
test/25e86ecbc3.wav,3801050
test/7c09552241.wav,17080
test/b742a54fae.mp3,216504
test/053cfcfa1a.wav,913002313
test/f2d5cedb5c.mp3,200077
test/42eb869e87.wav,606
test/7c229aa0c8.mp3,0
test/549e4c6154.mp3,1370
test/a795447212.wav,726000401
test/8f826c6d25.wav,3011
test/0f2f5daabb.wav,0
test/5a3c3e926b.wav,0
test/14ab2ccd17.wav,600500
test/16f0ea0582.wav,215993
test/eec937beba.mp3,0
test/a310f0f1b8.wav,15
test/9dce86c5df.wav,401280
test/b843a067c7.mp3,42743
test/5e3e526de0.wav,580760
test/cb4df15886.wav,27990
test/21bf33246a.wav,0
test/375bbccfad.mp3,293602
test/126b44f812.wav,0
test/e0a6ec064f.mp3,0
test/6035441be4.wav,70
test/e638603481.mp3,0
test/cf31482356.wav,741626
test/d184ce0710.wav,16960211
test/b68193e331.wav,0
test/52c01c46ed.mp3,400
test/945b8c52b4.mp3,100842504
test/53ff8125c4.wav,0
test/94037fa370.wav,302789
test/62f62e7dc2.wav,882957
test/df5a2938ff.mp3,340000
test/455cf0f212.wav,470507
test/18cc1b8067.wav,389422
test/22c090e004.wav,811871
test/eb2dd7523f.wav,0
test/b7cc7ef623.wav,7401958
test/d407aa62c8.wav,90431192
test/4e047d9f59.mp3,9200040
test/90620e3f83.wav,8021002502
test/e78744cf36.wav,7933
test/e07a898666.mp3,501600548003
test/3052092c20.wav,925963
test/7d82372f53.wav,23755
test/6685c8250f.wav,11649
test/5984efef4a.wav,0
test/7b12873e34.wav,979070
test/46205be1ba.mp3,7001276
test/1e31921f06.wav,0
test/0f17731833.wav,0
test/0bdea7c743.wav,854002
test/87ed340ab3.wav,530100239
test/125a7c2d28.wav,902164
test/8527d4df68.wav,40172
test/f8be1d981a.mp3,1000
test/fb18f31006.wav,532419
test/0715753f6f.wav,100778199
test/1b1a5bf90b.wav,164040
test/54838bdf4b.wav,664321
test/170868720e.wav,28300273
test/22c575f1f9.wav,90111506
test/811a330169.wav,456014
test/cfadc7b5c5.mp3,0
test/86f60299c7.mp3,724988
test/e5bca0f489.wav,899896
test/5d56865366.mp3,428017
test/e228745ccd.wav,0
test/4bce3cf38d.wav,963809
test/3fe25f410b.mp3,0
test/54feb6daed.wav,502939071015
test/18ba7dab6c.mp3,7030081216
test/449cf804bd.wav,947508
test/d6e048ee59.wav,56330040710
test/45d9ef4bf3.wav,430030
test/299f5501f4.mp3,326803
test/bd893222c7.wav,570451
test/cf4012eba5.wav,0
test/98412f9682.wav,64955
test/232df7c4b2.wav,828515
test/d7d7278ec3.wav,476004
test/1775dcd042.wav,90
test/41fc4e4441.mp3,886004
test/fb1c00e822.wav,20060054087
test/e6ab6a6bcf.wav,212626
test/f0fe4be8c4.wav,92202
test/77c8dfacf4.wav,120100083
test/3f2fe385d7.wav,19430710
test/cb2fe01e3c.mp3,5001300
test/3932cdb9a1.wav,949533
test/8a4cecb278.mp3,0
test/3c3826dc09.wav,53474
test/69d1845f7f.mp3,100
test/8ed15df306.wav,920529
test/223ad16b1a.mp3,313006
test/68c4187af6.wav,521860
test/0e8d6871f5.wav,703108055
test/16af73d4f0.mp3,100090
test/7fc8617b4b.wav,668043
test/5065984d7f.mp3,7003000681
test/dd7e751837.wav,0
test/27857a705d.mp3,100
test/ba7c5ebfb5.wav,51750310
test/1b9b370cdc.mp3,0
test/03d775d2ec.mp3,0
test/7435bec9a3.mp3,9000
test/8aa2e63fb3.wav,50640875015
test/b5c2d4c7bf.mp3,3309000015
test/d586b4a108.wav,387604
test/38f1e1d1de.mp3,0
test/ce50deee74.wav,682651
test/1de737b44e.wav,880
test/e9f8664622.wav,116905
test/c50eeefbdf.wav,20840800542100
test/4dc8d25e72.wav,0
test/66243b8f06.wav,0
test/5760d1edfd.wav,0
test/a718a0499d.wav,294602
test/1ea055d0a8.mp3,9000
test/55042c7ad4.mp3,0
test/e67c6583d2.wav,366433
test/42507c11b0.wav,768393
test/7b4c7a7058.wav,878934
test/bff84f734a.wav,40294
test/84c0ade5a2.wav,743456
test/3e4eb86bb2.wav,193438
test/2468a2a6f8.wav,15
test/774cdf0b90.wav,566328
test/e27d9acf80.wav,203107
test/5b25a2d588.wav,82600
test/630f86f268.mp3,501
test/b587508e87.mp3,38400053
test/bf0663daf1.wav,0
test/862cbebe51.wav,90
test/5d91158d6c.wav,0
test/fd3d241468.wav,4610029016
test/2ab2969b46.wav,564280710
test/e06f0bffbf.wav,87153
test/d763ca6464.wav,12319
test/d7093b0117.mp3,0
test/fa7e3d837c.mp3,9200106
test/662ad81fe3.wav,3664016
test/224bad55ac.mp3,0
test/4ad4d61ef5.wav,683673
test/7d02bcab25.wav,9001000576
test/d3eea3434d.mp3,44015
test/c1d04e980e.wav,3084090004034
test/fb009cbb36.wav,452039
test/f3efed71ad.wav,14
test/39252b7c42.mp3,640016
test/af20c7a921.mp3,798302
test/fdb2aa8960.mp3,80100615
test/a0df772e91.mp3,300100043209
test/7112cb6dc4.wav,60543
test/6f603bd010.wav,649584
test/63fe259e51.mp3,0
test/c81bfc17b7.mp3,44556
test/86ff3d4393.wav,0
test/fc3da9c48f.wav,99858
test/ce5fced31d.wav,0
test/4ea831dbcc.wav,726002374
test/c768fed08f.wav,267631
test/da13993553.wav,113460
test/7d1cc4cd0b.wav,73499
test/b1b449335e.wav,591002348
test/2e9df59a5b.wav,10652
test/8fe6e267a7.wav,99560
test/f680324007.mp3,10810900069016
test/14eb311b53.wav,59541
test/07c64e4576.wav,880821
test/4134e9ea25.wav,751043
test/46cb2e07d8.mp3,848416
test/ab1be73a8e.wav,100100100
test/c3fe12a202.mp3,9009004
test/15f6deeda4.wav,134512
test/800143d9eb.wav,722000
test/d357918981.wav,100
test/605660c374.wav,626018
test/ffc117b012.wav,10058
test/455afec809.wav,340
test/51cae719f0.wav,138766
test/deaf1dfec7.mp3,172440
test/15ad0a0675.wav,163005509
test/ea78d5211d.mp3,700
test/4a77d3c5c7.mp3,1024803
test/4a6ddb6451.wav,900002269
test/9931f4e842.wav,0
test/369490c479.wav,0
test/2da0c151d5.wav,18759
test/4c92f3777a.wav,106104344
test/ffb74e1b0d.mp3,73016090
test/7ee8d7b62f.mp3,80100
test/1624313e89.wav,7001430
test/5cf435e04a.wav,498162
test/c1197ecd8b.wav,0
test/300b7663cd.wav,60790069091
test/e3b89cb00a.mp3,9001406
test/fcece805ab.wav,419067
test/d4b67d4341.wav,456084
test/5c39307063.wav,466368
test/53cc81d28e.mp3,20600273
test/e8e1f686d2.mp3,84300
test/92a42eb39b.wav,377002
test/9ef7e64fd5.mp3,27016380
test/38ba87b07b.mp3,900800490
test/d71244af18.wav,291810
test/04baead3fc.wav,73393
test/b280609246.wav,716858
test/90bbc2bd84.wav,300107100
test/bee69359cb.wav,538574
test/cdcae72fe2.mp3,0
test/f0343da153.mp3,5063
test/625dcf561b.wav,1000
test/3236bfef7b.wav,500103006102
test/198d07bbe8.mp3,302
test/ae33269aec.wav,361139
test/9a0e926849.wav,100
test/bd721893eb.wav,292901
test/f9a910c724.wav,0
test/fb157612cc.wav,729000
test/6131f1f718.wav,190
test/d189f12618.wav,8201317
test/8ac02f1bb9.wav,9501100
test/e994ce0819.wav,1601008
test/58527c7533.mp3,0
test/100c4383a0.mp3,404103
test/460c4723f0.wav,713041
test/3ff83aa7e0.wav,85015303
test/e3be42acca.wav,0
test/088e4527b8.wav,697100
test/12509f7340.mp3,100
test/8e95e3cde9.wav,203109933
test/820deb40ca.wav,5401496
test/63867b93e2.wav,204319
test/98475e4715.mp3,10016
test/5dfd25968f.wav,136414
test/bbd7951e8a.wav,648600500
test/3268694009.mp3,140074026
test/ff7188d8e8.mp3,7009302
test/b16b7f9f6c.wav,932634
test/df7cb6202c.mp3,500
test/1015541827.wav,646904
test/fb5e6c1e62.wav,0
test/22d962894e.wav,9001400
test/8133c95ef9.mp3,90100
test/33ff46c6c6.wav,15
test/e72341e43a.mp3,0
test/890c522d1d.mp3,0
test/434521dc9a.mp3,243079
test/0a6474ebbc.wav,550622
test/f3a004013c.wav,9037903
test/f27ce67eaf.wav,842188
test/3bf3049788.wav,688644
test/c8ab67a120.wav,0
test/cb327f2418.wav,604804
test/798e8e1dc7.mp3,90010
test/c9c810bb7b.wav,40501900
test/3e39b4dd0a.mp3,0
test/fac43a915c.mp3,40069120390
test/affb1857c9.mp3,682000
test/0553750a12.mp3,60311
test/55ae700822.mp3,0
test/391cd77eb1.wav,449503
test/c10d6390ff.wav,264180
test/5405727813.wav,300104
test/135deb6605.mp3,713
test/2ae0f63160.wav,738478
test/4252730677.wav,1009
test/6daadbd7e1.wav,996940
test/92e9b054f7.wav,763176
test/1d13725ccc.wav,382359
test/02c1064e49.wav,844711
test/ca71051f57.wav,390002335
test/604d2a7b50.mp3,4501303
test/cacdc3f939.wav,7001157
test/42fd3a40e1.wav,908
test/ed03c969fa.mp3,0
test/71abb89177.wav,94800
test/e1c12f279c.wav,549328
test/9407cdcfd5.wav,90
test/b128ac22fd.wav,790008
test/182eb3d7a0.wav,349941
test/5c2e4f7bbe.wav,829306
test/8431280f97.mp3,4028403
test/adaac815bc.wav,0
test/77dd11bbed.mp3,574003200
test/590f24e30a.wav,16015326
test/be6f5d5854.wav,494138
test/64b29d7fc9.mp3,4040
test/b56cbee5a4.wav,494943
test/2548064958.mp3,58400414
test/3514460f79.wav,10042
test/6de99075d4.wav,582625
test/3886f3a63b.wav,0
test/db152f8ffc.wav,40020
test/777d497f4f.wav,719358
test/9beb07187f.mp3,4101914
test/40e99d6fd6.wav,50211
test/e15b993b7b.mp3,1000
test/e6c6358201.mp3,4001000
test/579a0fc4d4.wav,0
test/f2bf6f83fc.wav,44444016
test/075233b2ce.wav,693396
test/992baba535.wav,90
test/0a02a0ffa2.wav,53015609
test/c6571f6d83.wav,830467
test/a69d6280c1.wav,490084084
test/e7b658fc3e.wav,626530
test/95b90ff3eb.wav,2842881
test/c89f46f991.mp3,3671
test/76c4f19154.mp3,15403890
test/53783194e2.wav,108102522
test/18eaa0c8b7.wav,4010
test/1cb4409e8e.wav,494314
test/0e20617042.wav,300802
test/9c1409c955.wav,361524
test/c334575bbd.wav,699064
test/3e10dc000e.mp3,1000
test/4548e580bf.wav,0
test/37121a5643.wav,0
test/2ccf2a7034.wav,800
test/9a2f8f91be.wav,0
test/de51475fc5.wav,2900
test/6293c7cb6d.wav,878536
test/88958bbe28.mp3,48989090
test/d97b95a335.wav,350829
test/3929f6f94f.mp3,0
test/773d3e083a.wav,40
test/11ab44df8f.wav,0
test/f3b01def63.mp3,40
test/0bd6661e0b.wav,306714
test/8e9dd318ce.mp3,2081800
test/79ba152ced.wav,0
test/0417f122a3.mp3,7001
test/ee07e36e43.mp3,1014
test/5d6715bbf5.mp3,6280074291
test/93c1970e31.wav,2091
test/aa8a6e1d72.mp3,677004
test/17e3dc5006.wav,661387
test/7e9e9c799e.wav,849983
test/84652b5e5c.wav,919738
test/bb5d83e492.mp3,401300
test/082cb263a4.wav,731494
test/e0e7b0abb2.wav,1043
test/cd20007181.mp3,4001042
test/a6d139b257.mp3,800150011
test/1cc790095d.wav,44900409
test/287f074e27.mp3,0
test/f70c127d3c.wav,1401660015
test/aaa957c2d1.mp3,300466
test/5acdc4fb87.mp3,0
test/398e73db39.wav,2601009405016
test/fe68791959.mp3,0
test/3a9569bcb2.wav,0
test/e34668335e.mp3,0
test/b7e75e9547.mp3,0
test/ca000e22a5.wav,691304
test/e9006fe8b3.mp3,4072000
test/d8fe934b77.wav,92429
test/bb5500be82.wav,6002
test/3bf479d3f1.wav,119481
test/347e0c2193.wav,464097
test/99d3d50d03.wav,1003
test/6b0e528dd1.wav,0
test/fa417df0c5.wav,68098
test/cd2ae6f7d0.wav,75700288
test/3723d5ddbb.wav,100
test/1cb64595fe.wav,5401850
test/2d9afeaef1.wav,4087
test/c82bc6263b.wav,101
test/4d05d9f9ae.wav,0
test/6fd6a31053.wav,22541
test/d1ee083ef2.mp3,0
test/2e70c3932a.wav,0
test/be669e8fb7.mp3,0
test/072e8c3f0b.wav,30710
test/c034e05e0e.wav,300
test/feaa02d2fd.mp3,41660
test/652e0020ff.wav,703438
test/3df6189731.wav,500229
test/698f4667ff.wav,426902
test/fffe4ed7ad.wav,0
test/8fc4cc3192.wav,1015334
test/44719edb58.wav,476900
test/19e53ab059.mp3,90
test/96bca08aa8.wav,90
test/b9b5b884b6.wav,17176
test/d41f3311b0.mp3,400
test/440cb3c6c3.mp3,0
test/4ad110da4c.wav,102683
test/f5c8663b52.wav,900
test/2270e31c04.wav,292058
test/f5f96a087c.wav,700
test/c5efe0521c.mp3,7004063
test/76d232b2ef.wav,69627
test/35cdbb7bee.mp3,1116
test/46bf812786.wav,0
test/745871eda7.wav,673318
test/fea6a91acc.wav,701786
test/44a9478503.wav,883791
test/20216899b8.wav,0
test/36a464664c.wav,57255015
test/76212b40a9.wav,710587
test/b8271d76f1.mp3,100540
test/539ad05ee1.wav,0
test/9dc50505d7.wav,677205
test/cbea91844d.mp3,1700360
test/7d4fe95492.wav,940
test/a0d00b2247.mp3,0
test/2c585e853e.wav,456715
test/d09807cfe1.wav,604952
test/7f564cfce5.wav,0
test/79a100fb94.mp3,0
test/016c741e12.wav,0
test/aecb8c40f1.mp3,200
test/1b02659524.mp3,4001272
test/e712228b56.wav,54015539
test/429afe0968.mp3,0
test/cbd7d8a0b4.wav,0
test/bbcbbd617e.wav,362482
test/462e370667.mp3,90
test/e1425193a6.wav,694262
test/691b2dfc3f.wav,0
test/8092568098.wav,10216419
test/470f24f552.wav,0
test/d490b1554b.mp3,600802302
test/fc02714767.mp3,3037062
test/a00b6c424c.wav,4006006402
test/d1c2f9d3de.wav,25645015
test/271945210e.wav,551001634
test/3aaf7ab0bd.wav,0
test/7313506772.wav,240526
test/a23fb8d2ba.mp3,0
test/7b4bebe1d4.wav,301268
test/27bd01e3f4.wav,94
test/7a2b0b77c6.mp3,7664
test/5850f1c62f.mp3,801704
test/74fce05fe1.wav,0
test/64fda64f48.wav,909240
test/5ab04ff893.wav,0
test/b3d98bd96e.wav,308929016
test/5bc597b6f5.wav,9021
test/4724f67470.wav,270500
test/912f720781.wav,90630082
test/d37e8f5800.wav,0
test/58d1bfeabb.wav,558787
test/61fab75b5c.wav,0
test/9d9ba3911f.mp3,5000
test/a50cf90913.wav,0
test/f67365b73b.mp3,1007403
test/152c8a84fc.wav,107653
test/4fea7dbc02.wav,481000
test/f379ebb96b.mp3,648102
test/da575ff42c.wav,4200042
test/90e2f1c614.wav,0
test/2b8d2c5a74.wav,3753015
test/859e882437.mp3,6425004049
test/f0b6a122c2.wav,1047
test/dbe4de3524.wav,0
test/d54aa52935.wav,11920100
test/4e67b0608b.wav,681986
test/f54e9476d8.wav,672414
test/ef49281c1f.wav,270021068
test/48f6eac86a.wav,600013
test/53b6758fd6.wav,566521
test/9ef48154cd.mp3,20610100
test/5a802622ae.mp3,908007
test/66c6f5cad5.wav,137239
test/d01bbbf7c1.mp3,0
test/26d72a8cf2.mp3,2007
test/c1db4dfa1f.mp3,90
test/ff18f2ee2a.mp3,90100
test/43039d5f4d.wav,353957
test/5d9f79eabe.mp3,0
test/699f9b22a3.wav,201017
test/cd4210046f.wav,445417
test/2b8216ad6f.wav,803378
test/2aa59179da.mp3,203309432
test/28f80d473e.wav,775133
test/7f87d95b77.wav,100719048
test/cd71b1bea9.wav,9709
test/fd7a582bfb.wav,72400
test/69bb29b1be.wav,0
test/9c87c419c4.mp3,2000
test/2267a14e2e.mp3,0
test/84bfa881e5.wav,103300100
test/e9217abcea.wav,154439
test/6d4ce4576f.wav,7003
test/9cefa7281c.wav,0
test/be08506db1.wav,90000
test/796406ccae.wav,126136
test/bb1f270f4f.mp3,914400
test/677d61d210.mp3,4006
test/06c08822aa.wav,687739
test/a6834b4ae4.wav,702754
test/799e5c1174.wav,206703
test/87aa6877fd.wav,46688
test/6517f989e2.wav,5403
test/412b0c55ae.wav,350353
test/d7c8c6def5.wav,57165
test/4774bd37e3.mp3,0
test/4404c8c9b4.wav,5161900
test/957b378ccc.wav,0
test/e5aaf37094.mp3,102500740
test/ee689a71cc.wav,6967
test/2c890205b4.wav,1061074
test/b3f575bb69.wav,767401
test/8741012419.wav,7498016
test/c21a74079d.wav,67980211
test/9dafe37f5b.wav,900040
test/5c97a67a6e.mp3,3081002
test/ab2e68d54e.wav,5611001665
test/bd2d6f7687.wav,4619
test/840e6beaf3.mp3,0
test/bf2c58c714.wav,6011380
test/1c988b397f.wav,59828015
test/161b3e26ed.wav,40901527
test/24eb15b2f2.wav,977449
test/730f2df03c.wav,5401776
test/5891fc6819.wav,108102822
test/2edac447f9.wav,0
test/7c95616679.mp3,0
test/b1cbbd0518.wav,1001006
test/04ddedc2bf.mp3,0
test/f408278c2a.wav,483025
test/bc22a1f595.wav,4292
test/3d44252dfa.wav,630120211
test/9d25a90aa1.wav,4060
test/ff6edbd335.mp3,0
test/382fecb800.wav,523302
test/ab4fecfb75.mp3,700100410
test/137d218b2e.mp3,3001604
test/fbefd2bf3e.wav,40363
test/00bdb9badd.wav,218004220
test/13e88162b9.wav,279812
test/2c2095a254.mp3,300
test/c26b52fb83.mp3,44636
test/03b00148f4.wav,0
test/c320fa9d7f.mp3,0
test/2c9e544745.wav,1821800
test/477da9fb87.wav,107402005514
test/ce89eac4f2.mp3,94080
test/dd3129071a.wav,260287
test/ad3adee24a.wav,336417
test/6fef96fafe.wav,2792015
test/08337ae817.wav,15508191
test/330a449a9c.wav,0
test/95984f8c95.wav,7544
test/a2f8311138.mp3,0
test/4f2d8c9686.wav,4332240
test/fb003a5d2a.wav,437762
test/ba933321f2.wav,606130311
test/2f5d37c84f.wav,9460
test/1990650c6d.wav,606899
test/2e3221be64.wav,101
test/9f35fc5f7c.wav,870441
test/ec8325dba4.wav,55086018
test/2bf8d83039.wav,46884
test/517e62a04a.mp3,332543
test/99d784c3d8.wav,272060
test/7f06e543db.mp3,1608
test/0fda627b86.wav,209010
test/4e279d6c4d.wav,849460
test/6b9ec9d59f.mp3,100140
test/726571b4f8.wav,885616
test/524e6d8521.wav,2016994
test/7f720c84e8.wav,40
test/bb83b2c8f3.wav,400115016
test/af878cc265.wav,0
test/5866f204d6.wav,268216
test/34d786af0d.wav,821944
test/f49010c0b0.wav,4050074
test/67221b9bc8.wav,0
test/1e02eceedd.wav,334
test/08107ab18a.mp3,190406
test/e3afdd9cb5.wav,694000459
test/527236c54d.wav,0
test/bee905fb21.wav,0
test/f3772abc99.wav,98200399
test/a5ddbcda12.wav,2300040
test/a5b425fa76.mp3,100
test/0c648b4169.wav,951061
test/cd95b858c7.wav,5001257
test/498029aa3d.wav,197758
test/6e911ecf48.mp3,6831900
test/0fc80aba2c.wav,46789
test/ba085da273.wav,540095
test/48ba0a21bd.wav,811383
test/81e93bc922.wav,0
test/bdc338b5b2.wav,670822
test/743ffada19.mp3,0
test/6dab82aed9.wav,747422
test/077720dce5.mp3,0
test/131525dbca.mp3,2040006
test/98ff748199.wav,856083
test/7406957613.mp3,0
test/d11f152b5f.mp3,81002
test/b107ba0e13.wav,181968
test/956aefd5e8.mp3,300300316
test/5f9271bd10.wav,0
test/3588eba1ee.wav,338850
test/828d97a310.wav,100
test/f99404b302.wav,35015176
test/0495f3e434.wav,1021485
test/00afb6b5cf.mp3,600
test/7f6b520dca.wav,715673
test/546e7b88fb.wav,674908
test/76e6a2a853.mp3,0
test/9a4150f045.mp3,42
test/968dbbfdd3.wav,409189
test/259c13647c.mp3,2504910
test/4a6f4fcc9b.wav,258103
test/5687c3a36c.wav,4290
test/048bac7239.mp3,0
test/2516c55fc9.wav,75016003492
test/145323825c.wav,1003302300
test/20f40b6e63.wav,295589
test/878d04cbd0.mp3,0
test/589af52177.wav,339706
test/dafd14d84b.wav,0
test/8ab150565e.wav,67360380
test/5d74d8bc36.mp3,39000248
test/cade25933d.wav,825457
test/9ef074f404.wav,0
test/75249a3e7c.mp3,0
test/87f38ab6db.wav,290101491
test/e636ef7598.wav,843705
test/5413e58449.mp3,88010003018
test/634332b301.wav,224805
test/7e632c070f.mp3,3600
test/f2c8ac318f.wav,43017044
test/2995e6f6d6.wav,794176
test/825c968134.wav,943062
test/6335a8e722.wav,472268
test/f9cb26aba0.wav,650266
test/772f5120a7.wav,146260
test/691b0afb70.wav,49
test/dfcc3ff91e.mp3,1009578
test/e5f66289d4.wav,0
test/9bbd94d458.wav,151001576
test/4c9124c42a.mp3,0
test/1b5b5b12e0.wav,706102707
test/62548244c7.mp3,0
test/de9d7403a0.mp3,10842016
test/450a8b28fa.wav,400700316
test/17d7319aea.mp3,300060
test/89692b6f30.wav,0
test/76a4d8842d.mp3,570010
test/87039b47c7.wav,0
test/a0cc5502b7.wav,619968
test/54864794ed.mp3,4033323
test/4135992ed7.mp3,400
test/b0efb460aa.wav,0
test/7ce357d2c2.mp3,41
test/6340ba8ff2.mp3,284290
test/0a49dc4750.mp3,0
test/299a2606e7.wav,648844
test/e62303b45c.wav,290100
test/2e14855674.mp3,6010021000
test/abe2ed9dc6.wav,790229
test/c020fa27d0.wav,602
test/5f832a3ba8.mp3,33040
test/ac6d4ee892.wav,842902
test/59888aaa80.mp3,0
test/7be4b5b7f3.wav,6001012
test/3974ae9298.wav,140187
test/f283eb27c2.wav,293410
test/34479de079.wav,90000440
test/68ab4713ba.wav,362768
test/58c0464ad5.mp3,100
test/0347f4b656.mp3,0
test/5c5e933c9e.mp3,814
test/c6cbb5ed4e.wav,0
test/c78cfeac9e.wav,793000618
test/04d3997b64.wav,15
test/e01c523993.wav,697360
test/273fecccae.mp3,409210001001
test/308d3ef154.wav,42600484
test/2132260b05.wav,324574
test/63b4af749e.wav,190682
test/7820df1221.mp3,100010074097
test/3162b383b9.mp3,201006
test/6bb8c76c39.mp3,606107004351
test/e6788776a7.mp3,7089418
test/ff8af47b83.wav,762050
test/d23ce71b2a.wav,963090
test/97eb48430e.wav,50446
test/dcc007ed9f.wav,12454
test/0f36adc7ff.wav,980349
test/1e939478c6.wav,871352
test/02350794d6.wav,5401636
test/f4dca928f1.mp3,302002
test/993baf8c18.mp3,1903
test/c279817b4e.wav,630216
test/d01ce050bd.wav,449328
test/d94620eb46.wav,603438
test/7db875ac34.wav,6426018
test/ea0d2952fc.mp3,0
test/e234e323ff.wav,600
test/6d02bcc708.wav,100
test/1ce31843cf.wav,392659
test/d7bc816770.wav,20507203
test/6179d7a2c1.wav,905717
test/45fa7e29fd.mp3,141011
test/8067aa79d4.mp3,9021994
test/8422d82950.wav,0
test/187e066bff.wav,439378
test/699a15a6a4.wav,690710
test/79e3a03c0a.wav,1161373
test/a3b79050c7.wav,2201002306
test/49bc40920f.wav,212959
test/cc5e7072f5.wav,8201874
test/f6331626b1.wav,108400
test/6df0bce503.wav,903
test/38ef5e6368.wav,140889
test/6ced0050af.mp3,184016
test/e1f02f6e9b.mp3,102
test/abdfd8be66.wav,0
test/dc7f521e82.wav,7130
test/e6b1b82838.wav,538451
test/36580123f1.mp3,300
test/9cf36b00e2.wav,0
test/e710436eed.mp3,344100
test/639ee0af8a.wav,787384
test/6e52e20354.mp3,387640
test/f9dd65bf11.wav,858438
test/639f9103ec.wav,358546
test/d8fe1579c4.mp3,100
test/655561f79f.wav,421612
test/6faad6804d.wav,428
test/19550e07ac.wav,301
test/92982e0192.mp3,6701810
test/602014fcd8.wav,964565
test/5349e49165.wav,334004
test/eb1eb54f91.wav,866132
test/86f5273fb5.wav,59000035015
test/993b764151.mp3,438180
test/3693c98a28.wav,0
test/740562d00e.mp3,0
test/4286630b8c.wav,0
test/fc6d62c088.wav,1099
test/aa97871500.wav,0
test/29f76b5b8a.wav,508244
test/2042774c60.mp3,49900698
test/bcd963878e.wav,401
test/a643c3f1ce.wav,112940
test/92ede3b2ee.mp3,10010900388
test/a9590490c4.mp3,602015
test/bc1bddc593.mp3,381003
test/78f786f94f.wav,99016100
test/841be7b87e.wav,5010
test/6989b4e52c.mp3,0
test/ef38ff504c.wav,1161423
test/b936c4285f.wav,461102
test/2c00d302df.wav,671070
test/0b73172c4f.wav,91100032
test/9f2c7fa110.mp3,6001581
test/e5f25c099b.mp3,744844
test/a953c9bbac.wav,138166
test/8528d62482.mp3,94740610
test/2dd7a29b41.wav,844413
test/6f51ad8298.wav,0
test/4a75880d2a.wav,269437
test/9383057dfb.mp3,316573
test/fe85b47ff8.mp3,4032800
test/feff048363.wav,98495
test/c6ed2c5120.wav,999403
test/ffc4ce027c.wav,669740
test/d06f097bf8.wav,46200741
test/8924933611.wav,656400
test/abc26cc1ff.wav,947100
test/2477141255.wav,30614
test/93d3b09c45.wav,841730
test/9deff79861.wav,3001218
test/a8e79c5878.wav,860
test/8766662ed5.wav,1000
test/1dcf233014.wav,96709066
test/380eef04d4.mp3,44512
test/94cac96c69.wav,220908
test/7e964dbbbc.mp3,4001980
test/39d6db4b12.wav,0
test/372229ecd6.wav,64709
test/16517b6a2a.wav,90462
test/886cab131b.mp3,80010084031
test/f8ece57f61.wav,85600093
test/4b7165e75d.mp3,0
test/df7d1aabd8.mp3,58478
test/ed43578047.mp3,0
test/0f24b6c7d6.mp3,0
test/32f098eb23.mp3,409
test/3447798fe7.wav,346091
test/3982c311dd.wav,28786016
test/7ec7bc67e6.wav,943890
test/ffdd0fb55d.wav,873072
test/a4770fa68a.wav,902153
test/f297911f37.wav,0
test/018378b955.mp3,0
test/db6a8de11c.wav,0
test/b1719c8828.wav,716049
test/c79730eb75.mp3,0
test/b81e87b6f1.mp3,608838
test/3456c1646c.wav,0
test/9a0b8e4140.wav,342604
test/92f93aa548.wav,9009251
test/024e110681.mp3,0
test/48fea1c5cf.mp3,0
test/954cc7374f.mp3,0
test/85543d53a6.wav,653693
test/6b6421e09d.wav,353427
test/560ea98cc2.mp3,4090008552
test/4e330f2886.wav,130168
test/f4bc0d9fd3.mp3,90
test/fe8c3fd86b.wav,401108
test/2f7ebb65bc.wav,437736
test/f5704abb15.wav,906600
test/4f811399f6.wav,44977
test/a4bbc7c870.wav,470583
test/63bdd97248.wav,140733508
test/1226ebd9c0.wav,708146
test/cbc9e7c160.wav,88381
test/88d3b8e0ca.mp3,40
test/a43209c20a.mp3,740
test/2984989235.mp3,9033000
test/66842d40c4.wav,90132128
test/56c44af5da.mp3,400
test/2fa01d3f10.wav,907300
test/5685d74ab4.mp3,0
test/2352a417f1.wav,970101124
test/cb92503063.wav,5082500101
test/31d8eb9cdb.wav,9007
test/8b611f8e8f.wav,0
test/aaea44a819.wav,885309
test/74b41c46c1.wav,783701
test/9675ed5bdb.wav,4901800
test/9dd163774a.wav,16150
test/493565d656.wav,140
test/d6e02ccc48.wav,7801886
test/15e806d080.mp3,0
test/fa305fa618.wav,652801
test/3c1779e0b6.wav,0
test/07f5dafb61.wav,5201419
test/c4213e044b.wav,339242
test/4e83f358c5.mp3,90
test/5c84d6a65d.wav,8220020563
test/d2bd16ea9d.wav,992000
test/46501ed646.mp3,605500102
test/26cde78764.wav,294903
test/6493bc9248.mp3,0
test/b08d77a539.mp3,3401879
test/ee8603e798.mp3,9016
test/a65920f55f.wav,500
test/35c0835b73.mp3,2100
test/97084e1215.mp3,8407020
test/82f80e722e.wav,82116
test/8fcaee5c79.wav,0
test/5c4552230d.wav,0
test/698b1aab9f.wav,346004732
test/0ffc88bdb0.mp3,600407
test/9de73ca05a.mp3,608
test/22cac5d6f7.wav,744295
test/201ea244a5.wav,44002371
test/3206d542bd.mp3,924602
test/8bdbbabbd3.wav,834395
test/b009f00615.wav,3100045
test/c613694b0e.wav,683905
test/0274322b75.wav,217748
test/c8f1e52995.wav,44015330
test/891cf4b510.wav,736899
test/793ec86099.mp3,100500
test/3afad189f5.wav,812888
test/167e38cf82.wav,0
test/0d7c3cba78.wav,0
test/21627d06f8.wav,128867
test/2ba91a5064.wav,34100010
test/bc947bd10a.mp3,0
test/953dbd3a16.mp3,40000
test/e134503798.wav,568241
test/80a43fc587.wav,9053070311
test/95237b39c2.mp3,4012720
test/820a545a15.wav,70390
test/2d2d938924.wav,13426
test/e9cf892093.wav,0
test/c35744bb24.wav,30014450039
test/94b917b09d.wav,0
test/a6149bfccb.wav,869013
test/73af48a045.wav,28872015
test/81e398dbe0.mp3,43340
test/a85879c035.wav,400107773
test/24a259f698.wav,1035000074023
test/bba91b505a.wav,62991
test/1c0039d9ac.wav,407900640204016
test/d1b7e4fd51.mp3,6080094088
test/84a25a9a52.mp3,23691
test/c55be1a4d5.wav,7031600074
test/b0eddf5fa1.mp3,2021008
test/5c55ca5b04.wav,912516
test/f20baa73d7.mp3,4294000808
test/e2f10c4a0d.mp3,0
test/f7439efe75.mp3,90
test/dafb2ea836.mp3,400100634
test/3bd43b5c03.wav,131711
test/23aea4029b.wav,800227
test/411c009f14.mp3,454019
test/cb2b01dcef.wav,0
test/ef59c22ff5.wav,606323
test/4a31998072.mp3,0
test/d7f062eee6.mp3,40067
test/d2a92d3f78.wav,308
test/e02291294f.wav,287943
test/28c311d651.wav,300
test/5f8fa04bbc.wav,307
test/6b2c424344.wav,610136
test/c38401c707.wav,590009
test/2da6e1ee7f.wav,840718
test/8d6c14bbcf.wav,0
test/92a28fab80.wav,0
test/43d68def24.wav,0
test/5e0f4c2cf4.wav,119006
test/c91c78f8e1.wav,3707018
test/0bd9db8e73.wav,668090
test/e57dd672e0.wav,408129
test/8462a5afa0.wav,204191
test/bb0969dc5f.wav,43828
test/ebd14cf86d.mp3,916378
test/dc93d2e0da.wav,246207
test/eb123892ff.wav,431634
test/f6abbf6100.mp3,1071970
test/c9e4cdf402.wav,6001000
test/edad9855ee.wav,2040
test/5cd6cd4fc3.mp3,0
test/cd1c9a560c.mp3,333508
test/0221c93743.wav,40543004
test/3737e26049.wav,40201434
test/9e6dc4138b.wav,188000
test/22ef8aeb6c.mp3,0
test/89034867ce.mp3,661194
test/feb1603355.wav,0
test/96c90334de.wav,310006
test/a5aa8a220b.wav,88924
test/cd33310116.wav,496437
test/4ce0aa085d.wav,652436
test/746f941707.mp3,208700
test/94af06d5b2.wav,17943
test/2d41d7af0d.wav,593068
test/ed3ae011d7.mp3,8001830
test/9098dc4aba.wav,1000
test/6b6b21b26c.mp3,10064810
test/36853b0f05.wav,907866
test/0dd38b9b44.mp3,421004404
test/26cf47eb3a.mp3,913343
test/54788ac1c9.wav,54
test/22e962d239.mp3,530
test/46cf84ec48.wav,1070
test/b1dba18017.wav,90
test/daa3b510ce.wav,8001002
test/78bfec1aea.wav,994925
test/17c0540902.wav,9372015
test/03cd7b2741.wav,705232
test/343e06af00.wav,0
test/4bab866331.mp3,40
test/ff538a2ad7.mp3,0
test/a47ae2d6e6.mp3,40430001308
test/dff755140e.wav,194729
test/2c70763052.mp3,102993
test/ffbba1ad95.wav,243692
test/533f087985.wav,450878
test/385dfcfbfc.wav,4069
test/e3eb780b40.wav,2016108
test/2a7fdba135.wav,33066
test/dc3e8f9589.mp3,301000
test/1d5cfd16bd.mp3,12300640
test/e9ed5e0ceb.mp3,811064
test/0cf9249c4f.wav,141000
test/0c2f984de2.mp3,3031280
test/99e848e6d6.wav,527349
test/2eded032db.wav,18611
test/5cde653ad8.wav,662784
test/cf60bba5f9.mp3,14
test/00290feacc.wav,1590084048
test/ee1b1b4568.wav,0
test/922729172b.mp3,19
test/1912783e5d.wav,101998
test/e27bc62e08.wav,4700001001004015
test/928235fd60.mp3,756486
test/3c3c313b9c.wav,83
test/584c6afcb7.wav,22882
test/69153c7801.wav,691631
test/7294aa3659.wav,34200582
test/14de1a7308.wav,7930064020
test/f533ba5e20.wav,0
test/b9f8a85273.wav,830486
test/53e3033fef.wav,40801772
test/8000a1d3aa.mp3,0
test/2d4dc3daba.mp3,1162000
test/28d45ad108.wav,1001517
test/1ce24dd2e4.wav,154000700
test/20c9e3c6d6.wav,974043
test/5872b07494.mp3,406673
test/d495b26632.wav,806406304518
test/9146a1fd67.mp3,4001100
test/7c2a0032f0.wav,47003
test/00edbffc36.wav,66662
test/c4d89c71eb.wav,24016834
test/9f76e37f18.wav,3302
test/00bd7917fa.wav,522198
test/a239b0d5a9.wav,560190016
test/c7c54ee418.mp3,100130014
test/dec6db7539.wav,862742
test/0a91dd0145.wav,579215
test/2c27f16c57.mp3,100
test/c23fb59964.wav,43015848
test/f84a3564b1.wav,619852
test/c8fc725504.wav,796712
test/33784a2c1b.mp3,402008407090
test/8aefb568f7.wav,9503084010
test/c236792f3c.wav,66956
test/685da1691a.mp3,122674
test/74bd462244.wav,100
test/7f471b9c05.wav,475131
test/a8d8ba04ad.wav,1035004002
test/64f0e9c975.wav,100
test/f823d999e4.mp3,8600024
test/ec09db0f66.wav,657072
test/25b974f084.wav,336706
test/99a5671f15.mp3,331538
test/8bc7473c7e.wav,1008
test/385271915a.wav,106
test/c32dfb8299.wav,949119
test/184f9a9b34.mp3,731641316131610010030090
test/c31698bab0.mp3,9323
test/4748120b17.mp3,0
test/6319fcffb4.wav,848441
test/a01e6424c8.mp3,0
test/ed05b29e47.wav,0
test/8506b61e61.wav,82
test/030aff8b2f.wav,801978
test/a690fa4f57.mp3,404016000
test/019efbf79b.mp3,141968
test/3c68a197ac.wav,906
test/0f3c7a3627.wav,914647
test/af3e3d351f.wav,0
test/f8c0e064a8.wav,616602
test/de7c3d7d08.wav,416343
test/1adf631051.wav,9501142
test/99c05e900c.mp3,1640
test/ac39abf21d.wav,539511
test/dcc4291734.wav,802392
test/9d5c6e637e.wav,90
test/39f51beff0.wav,812878
test/b85f32905c.wav,663337
test/e8b626f2fb.wav,100100013
test/d5542e4627.wav,729000100
test/7daf537abf.wav,408
test/1577ef5f46.wav,4090
test/ddf0eec544.mp3,0
test/9161be2ae6.wav,408100230810
test/f83854aa4e.wav,424003200
test/b0e76c3163.mp3,984000
test/e646bd1ce9.wav,408000
test/dd681a4994.wav,90
test/902303e000.mp3,6360
test/e4191bf121.wav,954656
test/46ba9cbb1c.wav,800507408
test/1495de7b75.wav,2006096
test/9f7438ecfa.mp3,30071004000
test/479fe430ed.wav,832840
test/aa5b2c9ea1.wav,749299
test/5db13d3736.wav,454828
test/3271a648d3.wav,846194
test/eef979285e.mp3,9001000
test/2016270e19.mp3,534
test/83e71a9cd4.mp3,1733
test/dbd5b829b4.wav,180872
test/e044bc3f3c.wav,903370
test/7b229e7e39.wav,846886
test/2f4c5a20d1.wav,15
test/5267e4d16b.wav,460100722
test/6c224948dc.mp3,5082500
test/e961f2e218.wav,100500100115
test/9a16913af7.mp3,0
test/dc31dfc2d3.mp3,103
test/809192ca07.mp3,4613
test/4ca612a741.mp3,303002
test/6f78b71561.wav,606101538
test/31d6f24746.wav,391244
test/227d9b38c7.mp3,10099002300
test/6df3c90a15.wav,224
test/7ac53f35f6.wav,0
test/1dce4d83b6.mp3,896620
test/f69de6e589.wav,879620
test/04889f162f.wav,15019
test/0a669ca816.mp3,507900092
test/d5f77c7614.mp3,4877051015
test/cc31f8a8e8.mp3,0
test/1be7d4a9b5.wav,281649
test/1ba0a1c1c9.wav,698868
test/6d0d595aed.wav,69100673
test/217ed05807.mp3,10011
test/ffbf8b87f7.wav,628673
test/62ab5edfa8.wav,663020
test/2bb08ba782.wav,20116
test/1a701b23fc.wav,43460
test/6bd6712637.wav,261218
test/b219380896.mp3,616980
test/f497f458dc.wav,4021990
test/c359bfd3ed.wav,0
test/2f6002dddb.mp3,0
test/8de9d47862.wav,40060064056
test/ca479253db.wav,0
test/e19f2079f2.mp3,808209099
test/6c53bbbe70.wav,0
test/38de3e6221.wav,202761
test/94bf809ce5.wav,14
test/c9ecb5f1ef.mp3,473123
test/5b4b95616f.mp3,15290
test/7f65192019.wav,274746
test/83d6db94be.wav,384137
test/fe1fe11658.mp3,90
test/b625e8c36b.mp3,3500109
test/cbebaf6351.wav,878068
test/48261d656d.mp3,3007
test/3193371d62.wav,197073
test/1d800b47f7.wav,257015
test/3c598d7553.wav,617241
test/2f2057e1ac.mp3,1000
test/c2fbd92d7a.mp3,800100
test/2e618f18fb.wav,0
test/609880bcf3.wav,954847
test/d35d8c9fb6.mp3,4092168
test/2a9d34a4a0.wav,407120
test/a546b5cce8.mp3,0
test/cc4cae4e69.mp3,915077
test/591a66e668.mp3,7001400
test/cb7272d1bc.mp3,4091006
test/cbd1c8466b.wav,593799
test/addd936596.wav,868124
test/5e080e090c.mp3,401003
test/c93156b0c1.mp3,40
test/9d36c5f725.wav,0
test/f1934c3475.mp3,94016002
test/f6b8634916.wav,710531
test/8ec64f5c0f.mp3,100349
test/865a2a9d9e.mp3,647
test/60d69fc30b.mp3,1001880
test/c7b60facaa.wav,100719215
test/fcb18a6abd.wav,903100732
test/e12c719f12.wav,15
test/d64b5e2a70.mp3,404930080810
test/6b9ad591f4.wav,0
test/d1d4b5b431.mp3,0
test/44b043092b.wav,719324
test/442e013472.wav,306
test/fd0f816857.wav,408403015
test/d91c15b1ce.wav,770
test/c88732d1cb.mp3,1001004
test/a0e30c0370.wav,4901400
test/622e51ea3a.wav,300
test/309cc820ef.wav,790100144
test/46964e215c.wav,145871
test/100e376f89.wav,0
test/b2afd5ca73.mp3,0
test/acc3c39232.mp3,1009200214
test/45b9f078ef.wav,773803
test/0101ee92f1.wav,38400071
test/018a176835.wav,729861
test/5aa7d6bd8c.wav,43030471
test/d4347cfe66.wav,100520009154050
test/2d9aa2b77a.mp3,144102
test/b4e40098a3.mp3,162000
test/8746b35106.mp3,104400
test/d5b359328e.wav,659852
test/a18b7e7101.wav,100043
test/bb4ca7181e.wav,876950
test/6a83db3870.mp3,901000103
test/df44b0bab1.mp3,70011531
test/47af575cc0.wav,100
test/222467bcde.mp3,4062000
test/5230704001.wav,0
test/33e50fe997.wav,2001611
test/6f09584c5c.wav,972175
test/1c75307d42.mp3,160004300
test/0a721768ce.mp3,8024740
test/df63861a24.wav,266806
test/1c4eeff706.wav,192
test/b502d9dd3f.wav,9001102
test/a0b642cc30.mp3,10000220016
test/96c0b9c03b.wav,0
test/289a62e75e.wav,50002
test/72e3bf197d.wav,70074099
test/b1eab5987c.mp3,0
test/0cacf680b1.mp3,0
test/d96a2defb1.mp3,0
test/0c20e14de7.mp3,100244
test/33d691fb52.wav,999098
test/a78bd21730.wav,0
test/bf64ff453e.wav,0
test/c52283093f.wav,303
test/33f4e076cb.wav,40628
test/f7b4403cdb.mp3,0
test/77093d3ba6.wav,9733
test/f3dbb20f9f.wav,0
test/0dea19b68c.mp3,0
test/212d95ffa8.wav,657302
test/996755bb34.wav,3701180
test/41c5bf46f8.wav,596370
test/05500a808c.wav,152300
test/ce679fcaa9.mp3,0
test/77db7df003.mp3,0
test/4b7a104172.wav,320351
test/d6bdf2d1ff.wav,0
test/f5c78ae864.mp3,4000
test/bf0852b6f8.wav,921359
test/f8f98dcba4.wav,800160073
test/22c65b4052.wav,702806
test/327bbf5423.wav,18339
test/04393408a4.mp3,1901508
test/fa437f6776.wav,344904
test/55c8d22abe.wav,402606
test/0c4e7940d8.wav,154031000100
test/3016b756e0.wav,900976
test/c91e7dc8aa.wav,617507
test/e5e18bfcc7.wav,100680
test/5f2b62ccf2.wav,119784
test/bf1411ddfc.mp3,0
test/90b047b150.wav,478466
test/0118961cef.mp3,300
test/93eaff6192.wav,8401040
test/a2d6a4f7ff.wav,3200079046
test/9fd72ba37b.wav,1000
test/ba5849e025.wav,80211368
test/74810eef84.wav,500100996103
test/b883f73bfe.mp3,0
test/53e7c5cb87.mp3,3001000
test/fd8bc2debf.wav,706
test/07d05eb87a.wav,4001002317
test/30980bf80e.wav,46011
test/cb87f57754.wav,133227
test/d48ec27b8b.mp3,0
test/d6fcfaf844.wav,0
test/3c09b8ec78.wav,0
test/86f7ca007b.wav,382036
test/04fb3b5edd.mp3,3001059
test/fae3891806.wav,513928
test/03e793d806.mp3,30054033
test/1ebc468904.mp3,0
test/a20102e646.wav,701705
test/18b23fb21b.wav,304080
test/f22dab07eb.wav,4070
test/f0479b5a7a.wav,626686
test/d9ff5eeadc.mp3,376693
test/198db576bd.wav,0
test/dedd498492.mp3,237000
test/35c62c8961.mp3,1002
test/d6cfbbd851.wav,978482
test/8be9f47ce7.wav,105101341
test/f9a236d015.mp3,0
test/3d91528e9e.mp3,0
test/d2440788a9.mp3,461600
test/8e79e4ce3b.wav,802
test/74e7e37b1a.mp3,0
test/13b99a1988.wav,920033
test/3f387ec32a.wav,3071190300102
test/815fedf22d.wav,438139
test/d9ff570e92.wav,40214039
test/1c5f2c3a41.wav,994319
test/520074bcd1.wav,0
test/15ccb76c3e.wav,0
test/a40f9e68b8.wav,133696
test/9582fb03f5.wav,108520
test/31e78b0a9e.wav,0
test/588268a835.wav,0
test/70b0709d25.wav,40
test/d6392f1c73.wav,872550
test/9e02d01a37.wav,0
test/1fee84f07a.mp3,1002
test/ce37eb80cd.wav,316540
test/d618a5d7f8.wav,276728
test/e085892eea.wav,624277
test/f3ac6cb8c9.mp3,240858016
test/ac99287203.mp3,0
test/e9ae7a5994.wav,2501502
test/6db7a60c0a.wav,467489
test/69dea8d50a.wav,242711
test/5919848633.mp3,1021000
test/266e162851.wav,72
test/ec115cd8fa.wav,98318016
test/241fc00e3d.wav,200
test/148ef8267f.mp3,1038058
test/041555297c.mp3,8031
test/d2d8574f26.mp3,80299100
test/3936c0dcd5.wav,9009844
test/6bf0afdc21.wav,950200435
test/e3b933a732.mp3,0
test/0fb12cbc81.wav,0
test/c28fcedb87.mp3,882288
test/651b3eca38.mp3,30093
test/767aa2c8d9.wav,0
test/e09cefb462.wav,1031000
test/2244beec7b.wav,191103
test/e0ccb21ac3.wav,209870
test/d4498d1a31.mp3,9268
test/5f7e851154.wav,878026
test/e7b628a247.wav,40401604
test/6d35667ce8.wav,608209352
test/c586217a2a.wav,15107322
test/17e6248fbe.wav,0
test/ccbab388b6.wav,903015
test/091997d47e.wav,112990
test/afb7a42796.wav,0
test/d929a2cf8c.wav,300942
test/2343a570dd.mp3,403700
test/2e205293b4.mp3,1080
test/f9911c2a80.wav,115544
test/c33b2e4230.wav,0
test/81c6b842a8.mp3,0
test/3fa80a29f0.mp3,9201294
test/751d827eaf.wav,193065
test/eacdefa925.mp3,8001000
test/e3bf3c6d6c.wav,7622078
test/d7a60a9bac.mp3,900
test/fd14566886.mp3,40
test/4dd152cdb5.mp3,87340294
test/2d3a2ed899.mp3,905347016
test/f587dbcee4.wav,972000303
test/bea4ff0dab.mp3,0
test/eea1048e1e.mp3,40039
test/f4df556b1d.mp3,90311150716
test/d2f1f18cac.wav,19006740
test/d756d6ab39.wav,0
test/be1cef98d8.wav,919106
test/51ea03e842.wav,11500314
test/53bc2d4b6d.wav,37910810
test/882b99bf9c.mp3,123000
test/d6fc642d38.wav,120354
test/7ce0d8c1f1.wav,0
test/3f39c9d685.wav,605942
test/41d40a82aa.wav,115900
test/1652c93663.wav,93553
test/2d62c17dc8.mp3,0
test/47ab835435.wav,0
test/e39ba5bfaf.mp3,0
test/cc26935c03.wav,518759
test/425cad8903.mp3,2081800
test/0e2e706c5d.mp3,271507
test/9d7cd16017.mp3,323000
test/b89fd76c42.wav,6411000550
test/c65323f88f.mp3,30214002
test/508e55c528.wav,90791
test/12599edabe.mp3,0
test/fb13ff5d08.wav,0
test/ff252c5ec8.mp3,184063375
test/a93785fe35.wav,0
test/d4d5817b7d.wav,862009
test/9c7db49cd9.wav,654819
test/39477e1632.wav,70006517
test/56a68f56a3.wav,462157
test/a48aed8fba.mp3,4000
test/a7a39c6292.wav,0
test/02d85957d1.mp3,2000
test/de0c172746.wav,4077017230
test/4b8b628137.wav,932431
test/6781b2b64f.wav,509743
test/f759184ee8.mp3,4001544
test/e584437f41.mp3,90
test/2076dda58d.mp3,100493
test/4c66e204f9.wav,94003
test/b65c87c26d.wav,701095
test/c166c71a6e.wav,690941
test/80c9809497.wav,67883
test/6301d92d27.wav,0
test/e8887f265e.wav,4037000
test/234eefd071.wav,425007
test/80a736952e.wav,100910
test/6b1f54d066.wav,0
test/9c298b8239.wav,505
test/2fd8d46af9.mp3,0
test/46920d0664.wav,308800038
test/90a1b9cc99.mp3,0
test/25a13a354c.wav,341124
test/e57762c6d7.wav,90
test/3fac88c7e1.wav,900
test/99e77634c1.wav,416102004314
test/5b2a4b7d22.wav,590801
test/3099733cef.mp3,194000
test/d4de2f2131.mp3,10012041000
test/a22e96faf8.wav,16320146
test/8c4bfe5adc.wav,205464
test/3dbe625ec6.wav,3921
test/ca4159c9a7.mp3,0
test/e12b1dee6e.wav,936578
test/544cb13e87.mp3,428109
test/5cfe518000.wav,98806
test/92d73227c9.mp3,1060001500
test/005096dc7a.mp3,0
test/4ae90241d3.wav,90
test/26345bd340.wav,683
